code,b4b3b2b1b0,ideal_V,before_layout_V,after_layout_V,before_10k_load_V
0,00000,0.000000,0.000000,0.000000,0.000000
1,00001,0.156250,0.156250,0.156250,0.078125
2,00010,0.312500,0.312500,0.312500,0.156250
3,00011,0.468750,0.468750,0.468750,0.234375
4,00100,0.625000,0.625000,0.625000,0.312500
5,00101,0.781250,0.781250,0.781250,0.390625
6,00110,0.937500,0.937500,0.937500,0.468750
7,00111,1.093750,1.093750,1.093750,0.546875
8,01000,1.250000,1.250000,1.250000,0.625000
9,01001,1.406250,1.406250,1.406250,0.703125
10,01010,1.562500,1.562500,1.562500,0.781250
11,01011,1.718750,1.718750,1.718750,0.859375
12,01100,1.875000,1.875000,1.875000,0.937500
13,01101,2.031250,2.031250,2.031250,1.015625
14,01110,2.187500,2.187500,2.187500,1.093750
15,01111,2.343750,2.343750,2.343750,1.171875
16,10000,2.500000,2.500000,2.500000,1.250000
17,10001,2.656250,2.656250,2.656250,1.328125
18,10010,2.812500,2.812500,2.812500,1.406250
19,10011,2.968750,2.968750,2.968750,1.484375
20,10100,3.125000,3.125000,3.125000,1.562500
21,10101,3.281250,3.281250,3.281250,1.640625
22,10110,3.437500,3.437500,3.437500,1.718750
23,10111,3.593750,3.593750,3.593750,1.796875
24,11000,3.750000,3.750000,3.750000,1.875000
25,11001,3.906250,3.906250,3.906250,1.953125
26,11010,4.062500,4.062500,4.062500,2.031250
27,11011,4.218750,4.218750,4.218750,2.109375
28,11100,4.375000,4.375000,4.375000,2.187500
29,11101,4.531250,4.531250,4.531250,2.265625
30,11110,4.687500,4.687500,4.687500,2.343750
31,11111,4.843750,4.843750,4.843750,2.421875
